{
  "mcd": {
    "mean": 386.61395263671875,
    "std": 35.5572509765625,
    "samples": [
      408.1089172363281,
      383.2814025878906,
      372.2887878417969,
      385.8837890625,
      363.84930419921875,
      305.095703125,
      446.5875549316406,
      388.66717529296875,
      420.910400390625,
      391.4666442871094
    ]
  },
  "f0_correlation": {
    "mean": 0.24846725165843964,
    "std": 0.2560824155807495,
    "samples": [
      0.0,
      0.810685396194458,
      0.5153003334999084,
      0.4115140438079834,
      0.20770877599716187,
      0.25917696952819824,
      0.0,
      0.2655560374259949,
      0.014730889350175858,
      0.0
    ]
  },
  "formant_rmse": {
    "f1": 161.73275756835938,
    "f2": 606.0399780273438,
    "f3": 879.7459106445312,
    "mean": 623.8041381835938
  }
}