{
  "mcd": {
    "mean": 7.917895317077637,
    "std": 0.7164217233657837,
    "samples": [
      8.598856925964355,
      7.899554252624512,
      7.437119483947754,
      7.871461391448975,
      7.500665664672852,
      6.305620193481445,
      9.048402786254883,
      7.962912559509277,
      8.52567195892334,
      8.028695106506348
    ]
  },
  "f0_correlation": {
    "mean": 0.24846725165843964,
    "std": 0.2560824155807495,
    "samples": [
      0.0,
      0.810685396194458,
      0.5153003334999084,
      0.4115140438079834,
      0.20770877599716187,
      0.25917696952819824,
      0.0,
      0.2655560374259949,
      0.014730889350175858,
      0.0
    ]
  },
  "formant_rmse": {
    "f1": 161.73275756835938,
    "f2": 606.0399780273438,
    "f3": 879.7459106445312,
    "mean": 623.8041381835938
  }
}